{
  "Reptiles" : {
    "transaction" : "Reptiles",
    "sampleCount" : 100,
    "errorCount" : 0,
    "errorPct" : 0.0,
    "meanResTime" : 4.450000000000003,
    "medianResTime" : 3.0,
    "minResTime" : 1.0,
    "maxResTime" : 29.0,
    "pct1ResTime" : 12.800000000000011,
    "pct2ResTime" : 16.0,
    "pct3ResTime" : 28.909999999999954,
    "throughput" : 9.210647508519848,
    "receivedKBytesPerSec" : 33.388597218384454,
    "sentKBytesPerSec" : 2.266682785299807
  },
  "Main Catalog" : {
    "transaction" : "Main Catalog",
    "sampleCount" : 250,
    "errorCount" : 0,
    "errorPct" : 0.0,
    "meanResTime" : 2.7559999999999976,
    "medianResTime" : 2.0,
    "minResTime" : 1.0,
    "maxResTime" : 20.0,
    "pct1ResTime" : 4.0,
    "pct2ResTime" : 7.449999999999989,
    "pct3ResTime" : 17.980000000000018,
    "throughput" : 22.184754636613718,
    "receivedKBytesPerSec" : 108.71396363918716,
    "sentKBytesPerSec" : 9.840151910107375
  },
  "Birds" : {
    "transaction" : "Birds",
    "sampleCount" : 50,
    "errorCount" : 0,
    "errorPct" : 0.0,
    "meanResTime" : 3.1799999999999997,
    "medianResTime" : 2.5,
    "minResTime" : 1.0,
    "maxResTime" : 20.0,
    "pct1ResTime" : 4.899999999999999,
    "pct2ResTime" : 9.699999999999974,
    "pct3ResTime" : 20.0,
    "throughput" : 5.127153404429861,
    "receivedKBytesPerSec" : 18.575917119565215,
    "sentKBytesPerSec" : 1.2467394508818703
  },
  "Login" : {
    "transaction" : "Login",
    "sampleCount" : 250,
    "errorCount" : 0,
    "errorPct" : 0.0,
    "meanResTime" : 8.971999999999996,
    "medianResTime" : 5.0,
    "minResTime" : 2.0,
    "maxResTime" : 419.0,
    "pct1ResTime" : 14.0,
    "pct2ResTime" : 21.44999999999999,
    "pct3ResTime" : 119.16000000000167,
    "throughput" : 22.118021764133413,
    "receivedKBytesPerSec" : 113.65725636999026,
    "sentKBytesPerSec" : 35.09939977218437
  },
  "Login-0" : {
    "transaction" : "Login-0",
    "sampleCount" : 250,
    "errorCount" : 0,
    "errorPct" : 0.0,
    "meanResTime" : 3.744000000000002,
    "medianResTime" : 2.0,
    "minResTime" : 0.0,
    "maxResTime" : 27.0,
    "pct1ResTime" : 6.900000000000006,
    "pct2ResTime" : 13.449999999999989,
    "pct3ResTime" : 22.980000000000018,
    "throughput" : 22.12193611184851,
    "receivedKBytesPerSec" : 4.169466474205822,
    "sentKBytesPerSec" : 20.307246040173435
  },
  "Login-1" : {
    "transaction" : "Login-1",
    "sampleCount" : 250,
    "errorCount" : 0,
    "errorPct" : 0.0,
    "meanResTime" : 5.072,
    "medianResTime" : 2.0,
    "minResTime" : 1.0,
    "maxResTime" : 417.0,
    "pct1ResTime" : 4.0,
    "pct2ResTime" : 10.0,
    "pct3ResTime" : 115.61000000000172,
    "throughput" : 22.125851845296044,
    "receivedKBytesPerSec" : 109.52728808965395,
    "sentKBytesPerSec" : 14.800984876980264
  },
  "Home-0" : {
    "transaction" : "Home-0",
    "sampleCount" : 250,
    "errorCount" : 0,
    "errorPct" : 0.0,
    "meanResTime" : 2.1880000000000006,
    "medianResTime" : 1.0,
    "minResTime" : 0.0,
    "maxResTime" : 19.0,
    "pct1ResTime" : 3.0,
    "pct2ResTime" : 6.449999999999989,
    "pct3ResTime" : 19.0,
    "throughput" : 22.04391147165153,
    "receivedKBytesPerSec" : 3.142979565294066,
    "sentKBytesPerSec" : 3.9007390221320875
  },
  "Home-1" : {
    "transaction" : "Home-1",
    "sampleCount" : 250,
    "errorCount" : 0,
    "errorPct" : 0.0,
    "meanResTime" : 1.9800000000000009,
    "medianResTime" : 1.0,
    "minResTime" : 0.0,
    "maxResTime" : 84.0,
    "pct1ResTime" : 2.0,
    "pct2ResTime" : 4.0,
    "pct3ResTime" : 16.960000000000036,
    "throughput" : 22.047799629596966,
    "receivedKBytesPerSec" : 29.088454394126465,
    "sentKBytesPerSec" : 3.922958098156804
  },
  "Total" : {
    "transaction" : "Total",
    "sampleCount" : 3000,
    "errorCount" : 0,
    "errorPct" : 0.0,
    "meanResTime" : 4.01666666666666,
    "medianResTime" : 2.0,
    "minResTime" : 0.0,
    "maxResTime" : 419.0,
    "pct1ResTime" : 6.0,
    "pct2ResTime" : 13.0,
    "pct3ResTime" : 22.0,
    "throughput" : 257.1795970852979,
    "receivedKBytesPerSec" : 773.8540773681955,
    "sentKBytesPerSec" : 155.52232908272612
  },
  "Dogs" : {
    "transaction" : "Dogs",
    "sampleCount" : 100,
    "errorCount" : 0,
    "errorPct" : 0.0,
    "meanResTime" : 3.820000000000002,
    "medianResTime" : 3.0,
    "minResTime" : 1.0,
    "maxResTime" : 21.0,
    "pct1ResTime" : 7.800000000000011,
    "pct2ResTime" : 14.799999999999955,
    "pct3ResTime" : 20.97999999999999,
    "throughput" : 9.210647508519848,
    "receivedKBytesPerSec" : 38.64154462558718,
    "sentKBytesPerSec" : 2.230703693469651
  },
  "Sign In" : {
    "transaction" : "Sign In",
    "sampleCount" : 250,
    "errorCount" : 0,
    "errorPct" : 0.0,
    "meanResTime" : 3.62,
    "medianResTime" : 2.0,
    "minResTime" : 1.0,
    "maxResTime" : 22.0,
    "pct1ResTime" : 6.0,
    "pct2ResTime" : 15.0,
    "pct3ResTime" : 19.49000000000001,
    "throughput" : 22.186723464678735,
    "receivedKBytesPerSec" : 84.99733759318423,
    "sentKBytesPerSec" : 13.108366890752572
  },
  "Sign Out" : {
    "transaction" : "Sign Out",
    "sampleCount" : 250,
    "errorCount" : 0,
    "errorPct" : 0.0,
    "meanResTime" : 5.932000000000001,
    "medianResTime" : 4.0,
    "minResTime" : 2.0,
    "maxResTime" : 81.0,
    "pct1ResTime" : 11.0,
    "pct2ResTime" : 17.0,
    "pct3ResTime" : 27.470000000000027,
    "throughput" : 22.19657284915209,
    "receivedKBytesPerSec" : 114.56466277856698,
    "sentKBytesPerSec" : 23.248222193243365
  },
  "Sign Out-0" : {
    "transaction" : "Sign Out-0",
    "sampleCount" : 250,
    "errorCount" : 0,
    "errorPct" : 0.0,
    "meanResTime" : 2.836000000000001,
    "medianResTime" : 2.0,
    "minResTime" : 1.0,
    "maxResTime" : 78.0,
    "pct1ResTime" : 4.0,
    "pct2ResTime" : 6.449999999999989,
    "pct3ResTime" : 17.960000000000036,
    "throughput" : 22.200515051949207,
    "receivedKBytesPerSec" : 7.219503429979576,
    "sentKBytesPerSec" : 11.750663240387178
  },
  "Home" : {
    "transaction" : "Home",
    "sampleCount" : 250,
    "errorCount" : 0,
    "errorPct" : 0.0,
    "meanResTime" : 4.276000000000002,
    "medianResTime" : 3.0,
    "minResTime" : 1.0,
    "maxResTime" : 84.0,
    "pct1ResTime" : 6.900000000000006,
    "pct2ResTime" : 15.449999999999989,
    "pct3ResTime" : 20.980000000000018,
    "throughput" : 22.04002468482765,
    "receivedKBytesPerSec" : 32.220622024596665,
    "sentKBytesPerSec" : 7.821625947721062
  },
  "Sign Out-1" : {
    "transaction" : "Sign Out-1",
    "sampleCount" : 250,
    "errorCount" : 0,
    "errorPct" : 0.0,
    "meanResTime" : 2.8799999999999986,
    "medianResTime" : 2.0,
    "minResTime" : 1.0,
    "maxResTime" : 20.0,
    "pct1ResTime" : 4.0,
    "pct2ResTime" : 11.449999999999989,
    "pct3ResTime" : 20.0,
    "throughput" : 22.200515051949207,
    "receivedKBytesPerSec" : 107.36550650475091,
    "sentKBytesPerSec" : 11.501687932910045
  }
}